-- --------------------------------------------------------
-- Hôte:                         127.0.0.1
-- Version du serveur:           8.0.30 - MySQL Community Server - GPL
-- SE du serveur:                Win64
-- HeidiSQL Version:             12.1.0.6537
-- --------------------------------------------------------

/*!40101 SET @OLD_CHARACTER_SET_CLIENT=@@CHARACTER_SET_CLIENT */;
/*!40101 SET NAMES utf8 */;
/*!50503 SET NAMES utf8mb4 */;
/*!40103 SET @OLD_TIME_ZONE=@@TIME_ZONE */;
/*!40103 SET TIME_ZONE='+00:00' */;
/*!40014 SET @OLD_FOREIGN_KEY_CHECKS=@@FOREIGN_KEY_CHECKS, FOREIGN_KEY_CHECKS=0 */;
/*!40101 SET @OLD_SQL_MODE=@@SQL_MODE, SQL_MODE='NO_AUTO_VALUE_ON_ZERO' */;
/*!40111 SET @OLD_SQL_NOTES=@@SQL_NOTES, SQL_NOTES=0 */;


-- Listage de la structure de la base pour cinema
CREATE DATABASE IF NOT EXISTS `cinema` /*!40100 DEFAULT CHARACTER SET utf8mb3 */ /*!80016 DEFAULT ENCRYPTION='N' */;
USE `cinema`;

-- Listage de la structure de table cinema. acteur
CREATE TABLE IF NOT EXISTS `acteur` (
  `id_acteur` int NOT NULL,
  `prenom` varchar(150) DEFAULT NULL,
  `nom` varchar(150) DEFAULT NULL,
  `img` text,
  `sexe` varchar(50) DEFAULT NULL,
  `date_naissance` date DEFAULT NULL,
  `date_mort` date DEFAULT NULL,
  `nationalite` varchar(50) DEFAULT NULL,
  PRIMARY KEY (`id_acteur`)
) ENGINE=InnoDB DEFAULT CHARSET=utf8mb3;

-- Listage des données de la table cinema.acteur : ~83 rows (environ)
INSERT INTO `acteur` (`id_acteur`, `prenom`, `nom`, `img`, `sexe`, `date_naissance`, `date_mort`, `nationalite`) VALUES
	(1, 'Matthew', 'McConaughey', 'http://t1.gstatic.com/licensed-image?q=tbn:ANd9GcSIsbRii_Uf0mzpu_2dyrOk6KKZlPklpFCKDAI-pa0rcEmPxqttCnnPOW7RHxiC8-mW', 'H', '1969-11-04', NULL, 'Américain'),
	(2, 'Anne', 'Hathaway', 'https://fr.web.img5.acsta.net/c_310_420/pictures/20/02/25/15/38/5978651.jpg', 'F', '1982-11-12', NULL, 'Américaine'),
	(3, 'Michael', 'Cain', 'https://fr.web.img3.acsta.net/c_310_420/pictures/15/05/20/14/58/214953.jpg', 'H', '1933-03-14', NULL, 'Américain'),
	(4, 'Matt', 'Damon', 'https://fr.web.img5.acsta.net/c_310_420/pictures/16/07/13/11/16/193188.jpg', 'H', '1970-10-08', NULL, 'Américain'),
	(5, 'Angelina', 'Jolie', 'https://fr.web.img6.acsta.net/c_310_420/pictures/15/11/10/14/58/490093.jpg', 'F', '1975-06-04', NULL, 'Américaine'),
	(6, 'Gerard', 'Butler', 'https://fr.web.img5.acsta.net/c_310_420/pictures/19/08/21/11/01/4365654.jpg', 'H', '1969-11-13', NULL, 'Américain'),
	(7, 'Ciarán', 'Hinds', 'https://fr.web.img6.acsta.net/c_310_420/pictures/14/02/21/15/20/178732.jpg', 'H', '1953-02-09', NULL, 'Américain'),
	(8, 'Noah', 'Taylor', 'https://fr.web.img3.acsta.net/c_310_420/pictures/16/05/30/09/34/344133.jpg', 'H', '1969-09-04', NULL, 'Américain'),
	(9, 'Tom', 'Hanks', 'https://fr.web.img6.acsta.net/c_310_420/pictures/20/01/30/15/03/1454869.jpg', 'H', '1956-07-09', NULL, 'Américain/Grec'),
	(10, 'Paul', 'Newman', 'https://fr.web.img2.acsta.net/c_310_420/medias/nmedia/18/35/24/80/20511943.jpg', 'H', '1925-01-26', '2008-11-26', 'Américain'),
	(11, 'Daniel', 'Craig', 'https://fr.web.img6.acsta.net/c_310_420/pictures/15/10/05/10/01/037461.jpg', 'H', '1968-03-02', NULL, 'Américain/Britanique'),
	(12, 'Jennifer', 'Jason Leigh', 'https://fr.web.img6.acsta.net/c_310_420/pictures/15/12/21/10/25/469829.jpg', 'F', '1962-02-05', NULL, 'Américiane'),
	(13, 'Andrew', 'Garfield', 'https://fr.web.img6.acsta.net/c_310_420/pictures/16/09/05/17/16/068414.jpg', 'H', '1983-07-20', NULL, 'Américain/Britanique'),
	(14, 'Liam', 'Neeson', 'https://fr.web.img6.acsta.net/c_310_420/pictures/19/07/16/09/41/3047490.jpg', 'H', '1952-06-07', NULL, 'Britanique/Américain'),
	(15, 'Adam', 'Driver', 'https://fr.web.img6.acsta.net/c_310_420/pictures/19/12/24/11/37/3853875.jpg', 'H', '1983-11-19', NULL, 'Américain'),
	(16, 'Nana', 'Komatsu', 'https://fr.web.img4.acsta.net/c_310_420/pictures/16/12/08/17/37/473192.jpg', 'F', '1996-02-16', NULL, 'Japonaise'),
	(17, 'Robert', 'De Niro', 'https://fr.web.img6.acsta.net/c_310_420/pictures/16/05/17/11/58/561836.jpg', 'H', '1943-08-17', NULL, 'Américain/Italien'),
	(18, 'Cybill', 'Shepherd', 'https://fr.web.img3.acsta.net/c_310_420/pictures/20/03/10/12/05/0104099.jpg', 'F', '1950-02-18', NULL, 'Américaine'),
	(19, 'Peter', 'Boyle', 'https://fr.web.img6.acsta.net/c_310_420/pictures/14/12/02/18/28/525542.jpg', 'H', '1935-10-08', '2006-12-12', 'Américain'),
	(20, 'Jodie', 'Foster', 'https://fr.web.img6.acsta.net/c_310_420/pictures/16/05/13/10/45/029054.jpg', 'F', '1962-11-19', NULL, 'Américaine'),
	(21, 'Willem', 'Dafoe', 'https://fr.web.img6.acsta.net/c_310_420/pictures/19/05/21/11/46/2788235.jpg', 'H', '1955-07-22', NULL, 'Américain/Italien'),
	(22, 'Harvey', 'Keitel', 'https://fr.web.img2.acsta.net/c_310_420/pictures/15/05/20/15/04/040939.jpg', 'H', '1939-05-13', NULL, 'Américain'),
	(23, 'Barbara', 'Hershey', 'https://fr.web.img6.acsta.net/c_310_420/medias/nmedia/18/35/33/15/20376667.jpg', 'F', '1948-02-05', NULL, 'Américaine'),
	(24, 'Verna', 'Bloom', 'https://fr.web.img3.acsta.net/c_310_420/medias/nmedia/18/82/63/01/19629760.jpg', 'F', '1938-08-07', '2019-01-09', 'Américaine'),
	(25, 'Ray', 'Liotta', 'https://fr.web.img4.acsta.net/c_310_420/pictures/16/01/11/16/15/246009.jpg', 'H', '1954-12-18', '2022-05-26', 'Américain'),
	(26, 'Joe', 'Pesci', 'https://fr.web.img4.acsta.net/c_310_420/pictures/17/09/14/09/42/5816254.jpg', 'H', '1943-02-09', NULL, 'Américain'),
	(27, 'Lorraine', 'Bracco', 'https://fr.web.img5.acsta.net/c_310_420/pictures/17/03/27/14/43/183214.jpg', 'F', '1954-10-02', NULL, 'Américaine'),
	(28, 'Leonardo', 'DiCaprio', 'https://fr.web.img3.acsta.net/c_310_420/pictures/15/06/24/14/36/054680.jpg', 'H', '1974-11-11', NULL, 'Américain'),
	(29, 'Cate', 'Blanchette', 'https://fr.web.img2.acsta.net/c_310_420/pictures/15/05/18/11/27/326804.jpg', 'F', '1969-05-14', NULL, 'Américaine/Australienne'),
	(30, 'Kate', 'Beckinsale', 'https://fr.web.img3.acsta.net/c_310_420/pictures/15/10/22/10/43/428235.jpg', 'F', '1973-07-26', NULL, 'Britanique/Américaine'),
	(31, 'Adam', 'Scott', 'https://fr.web.img4.acsta.net/c_310_420/pictures/15/08/07/16/11/343301.jpg', 'H', '1973-04-03', NULL, 'Américain'),
	(32, 'Jonah', 'Hill', 'https://fr.web.img6.acsta.net/c_310_420/pictures/18/09/12/12/03/5412955.jpg', 'H', '1983-12-20', NULL, 'Américain'),
	(33, 'Margot', 'Robbie', 'https://fr.web.img5.acsta.net/c_310_420/pictures/20/01/31/14/13/5661728.jpg', 'F', '1990-07-02', NULL, 'Australienne'),
	(34, 'Kyle', 'Chandler', 'https://fr.web.img6.acsta.net/c_310_420/pictures/18/09/20/14/50/1532714.jpg', 'H', '1965-09-17', NULL, 'Américain'),
	(35, 'Christian', 'Bale', 'https://fr.web.img6.acsta.net/c_310_420/pictures/19/01/22/16/22/0699464.jpg', 'H', '1974-01-30', NULL, 'Américain'),
	(36, 'Gary', 'Oldman', 'https://fr.web.img3.acsta.net/c_310_420/pictures/16/03/18/16/03/398105.jpg', 'H', '1958-03-21', NULL, 'Britanique/Américain'),
	(37, 'Ryan', 'Reynolds', 'https://fr.web.img3.acsta.net/c_310_420/pictures/16/02/09/12/32/028964.jpg', 'H', '1976-10-23', NULL, 'Canadien/Américain'),
	(38, 'Jodie', 'Comer', 'https://fr.web.img5.acsta.net/c_310_420/pictures/19/09/23/10/57/5255810.jpg', 'F', '1993-03-11', NULL, 'Britanique'),
	(39, 'Joe', 'Keery', 'https://fr.web.img6.acsta.net/c_310_420/pictures/17/10/27/11/49/2852491.jpg', 'H', '1992-04-24', NULL, 'Américain'),
	(40, 'Lil Rel', 'Howery', 'https://fr.web.img4.acsta.net/c_310_420/pictures/19/06/18/17/26/1341828.jpg', 'H', '1970-12-17', NULL, 'Américain'),
	(41, 'Morena', 'Baccarin', 'https://fr.web.img5.acsta.net/c_310_420/pictures/15/08/07/10/29/000174.jpg', 'F', '1979-06-02', NULL, 'Américaine/Brésillienne'),
	(42, 'Ed', 'Skrein', 'https://fr.web.img6.acsta.net/c_310_420/pictures/16/07/19/16/20/059648.jpg', 'H', '1983-03-29', NULL, 'Britanique'),
	(43, 'T. J.', 'Miller', 'https://fr.web.img2.acsta.net/c_310_420/pictures/18/03/23/14/22/3392188.jpg', 'H', '1981-06-04', NULL, 'Américain'),
	(44, 'Kevin', 'Costner', 'https://fr.web.img4.acsta.net/c_310_420/pictures/15/07/07/12/21/389121.jpg', 'H', '1955-01-18', NULL, 'Américain'),
	(45, 'Mary', 'McDonnell', 'https://fr.web.img6.acsta.net/c_310_420/pictures/16/12/14/10/31/164196.jpg', 'F', '1952-04-28', NULL, 'Américaine'),
	(46, 'Graham', 'Green', 'https://fr.web.img6.acsta.net/c_310_420/pictures/21/11/16/11/56/5472961.jpg', 'H', '1952-06-22', NULL, 'Canadien/Américain'),
	(47, 'Rodney Arnold', 'Grant', 'https://images.static-bluray.com/products/22/1634_1_large.jpg', 'H', '1953-03-09', NULL, 'Américain'),
	(48, 'Nicholas', 'Hoult', 'https://fr.web.img6.acsta.net/c_310_420/pictures/15/05/15/11/13/347769.jpg', 'H', '1989-12-07', NULL, 'Britanique'),
	(49, 'Lily', 'Collins', 'https://fr.web.img6.acsta.net/c_310_420/pictures/17/07/28/21/32/089239.jpg', 'F', '1989-03-18', NULL, 'Britanique/Américaine'),
	(50, 'Colm', 'Meaney', 'https://fr.web.img3.acsta.net/c_310_420/pictures/23/02/14/12/21/3017284.jpg', 'H', '1953-05-30', NULL, 'Irlandais'),
	(51, 'Derek', 'Jacobi', 'https://fr.web.img3.acsta.net/c_310_420/pictures/19/06/18/13/50/1188630.jpg', 'H', '1938-10-22', NULL, 'Britanique'),
	(52, 'Sullivan', 'Stapleton', 'https://fr.web.img3.acsta.net/c_310_420/pictures/15/08/21/15/17/529398.jpg', 'H', '1977-06-14', NULL, 'Australien'),
	(53, 'Eva', 'Green', 'https://fr.web.img4.acsta.net/c_310_420/pictures/20/03/02/15/21/0286837.jpg', 'F', '1980-07-06', NULL, 'Française'),
	(54, 'Lena', 'Headey', 'https://fr.web.img4.acsta.net/c_310_420/pictures/17/07/13/11/36/018746.jpg', 'F', '1973-10-03', NULL, 'Britanique'),
	(55, 'Rodrigo', 'Santoro', 'https://fr.web.img3.acsta.net/c_310_420/pictures/15/02/25/15/48/205564.jpg', 'H', '1975-08-22', NULL, 'Brésilien'),
	(56, 'Emily', 'Blunt', 'https://fr.web.img5.acsta.net/c_310_420/pictures/15/05/19/14/51/233236.jpg', 'F', '1983-02-23', NULL, 'Britanique/Américaine'),
	(57, 'John', 'Krasinski', 'https://fr.web.img6.acsta.net/c_310_420/pictures/14/12/10/16/27/333396.jpg', 'H', '1979-10-20', NULL, 'Américain'),
	(58, 'Noah', 'Jupe', 'https://fr.web.img3.acsta.net/c_310_420/pictures/18/06/20/15/41/2415540.jpg', 'H', '2005-02-25', NULL, 'Britanique'),
	(59, 'Millicent', 'Simmonds', 'https://fr.web.img4.acsta.net/c_310_420/pictures/17/05/18/12/22/044940.jpg', 'F', '2003-03-01', NULL, 'Américaine'),
	(60, 'Katt', 'Winslet', 'https://fr.web.img3.acsta.net/c_310_420/pictures/15/09/15/10/01/065591.jpg', 'F', '1975-10-05', NULL, 'Britanique'),
	(61, 'Billy', 'Zane', 'https://fr.web.img4.acsta.net/c_310_420/pictures/16/12/21/15/36/341857.jpg', 'H', '1966-02-24', NULL, 'Américain/Grecque'),
	(62, 'Frances', 'Fisher', 'https://fr.web.img6.acsta.net/c_310_420/pictures/16/09/07/15/02/218935.jpg', 'F', '1952-05-11', NULL, 'Britanique/Américaine'),
	(63, 'Chris', 'Hemsworth', 'https://fr.web.img5.acsta.net/c_310_420/pictures/19/06/05/12/04/5240675.jpg', 'H', '1983-08-11', NULL, 'Australien'),
	(64, 'Charlize', 'Theron', 'https://fr.web.img3.acsta.net/c_310_420/pictures/15/05/15/11/18/185463.jpg', 'F', '1975-08-07', NULL, 'Sud-Africaine/Américaine'),
	(65, 'Jessica', 'Chastain', 'https://fr.web.img6.acsta.net/c_310_420/pictures/16/05/13/10/55/131905.jpg', 'F', '1977-03-24', NULL, 'Américaine'),
	(66, 'Franka', 'Potente', 'https://fr.web.img6.acsta.net/c_310_420/pictures/16/06/06/16/48/027402.jpg', 'F', '1974-06-22', NULL, 'Allemande'),
	(67, 'Chris', 'Cooper', 'https://fr.web.img3.acsta.net/c_310_420/pictures/16/02/10/11/31/472170.jpg', 'H', '1951-07-09', NULL, 'Américain'),
	(68, 'Clive', 'Owen', 'https://fr.web.img6.acsta.net/c_310_420/pictures/16/03/24/15/22/103907.jpg', 'H', '1964-10-03', NULL, 'Britanique'),
	(69, 'Joseph', 'Gordon-Levitt', 'https://fr.web.img2.acsta.net/c_310_420/pictures/15/09/21/17/16/172755.jpg', 'H', '1981-02-17', NULL, 'Américain'),
	(70, 'Eliot', 'Page', 'https://fr.web.img4.acsta.net/c_310_420/pictures/22/06/10/15/09/5806962.jpg', 'H', '1987-02-21', NULL, 'Canadien'),
	(71, 'Tom', 'Hardy', 'https://fr.web.img6.acsta.net/c_310_420/pictures/16/01/19/11/06/274206.jpg', 'H', '1977-09-15', NULL, 'Britanique'),
	(72, 'Benedict', 'Cumberbatch', 'https://fr.web.img2.acsta.net/c_310_420/pictures/14/06/05/09/54/019769.jpg', 'H', '1976-07-19', NULL, 'Britanique'),
	(73, 'Merab', 'Ninidze', 'https://fr.web.img3.acsta.net/c_310_420/pictures/17/05/19/13/58/069093.jpg', 'H', '1965-11-03', NULL, 'Géorgien'),
	(74, 'Rachel', 'Brosnahan', 'https://fr.web.img5.acsta.net/c_310_420/pictures/18/01/08/14/01/1298520.jpg', 'F', '1990-07-12', NULL, 'Américaine'),
	(75, 'Jessie', 'Buckley', 'https://fr.web.img5.acsta.net/c_310_420/pictures/20/01/14/15/08/2896019.jpg', 'F', '1989-12-28', NULL, 'irlandaise'),
	(76, 'Colin', 'Clive', 'https://resizing.flixster.com/hxokNrQcwQIKg-PnFI-xaOdPqqs=/218x280/v2/https://flxt.tmsimg.com/assets/161565_v9_ba.jpg', 'H', '1900-01-20', '1937-06-25', 'Français/Britanique'),
	(77, 'Mae', 'Clarke', 'https://imgsrc.cineserie.com/2018/03/492389.jpg?ver=1', 'F', '1910-08-16', '1992-04-29', 'Américaine'),
	(78, 'John', 'Boles', 'https://images.mubicdn.net/images/cast_member/28165/cache-208697-1489632172/image-w856.jpg', 'H', '1895-10-28', '1969-02-27', 'Américain'),
	(79, 'Boris', 'Karloff', 'https://fr.web.img4.acsta.net/c_310_420/medias/nmedia/18/35/51/59/18979995.jpg', 'H', '1887-11-23', '1969-02-02', 'Britanique'),
	(80, 'Wesley', 'Addy', 'https://fr.web.img4.acsta.net/c_310_420/medias/nmedia/18/72/28/85/19158773.jpg', 'H', '1913-08-04', '1993-12-31', 'Américain'),
	(81, 'Norman', 'Alden', 'https://tfwiki.net/mediawiki/images2/thumb/2/26/Normanalden.jpg/180px-Normanalden.jpg', 'H', '1924-09-13', '2012-07-27', 'Américain'),
	(82, 'Susumu', 'Fujita', 'data:image/jpeg;base64,/9j/4AAQSkZJRgABAQAAAQABAAD/2wCEAAkGBwgHBgkIBwgKCgkLDRYPDQwMDRsUFRAWIB0iIiAdHx8kKDQsJCYxJx8fLT0tMTU3Ojo6Iys/RD84QzQ5OjcBCgoKDQwNGg8PGjclHyU3Nzc3Nzc3Nzc3Nzc3Nzc3Nzc3Nzc3Nzc3Nzc3Nzc3Nzc3Nzc3Nzc3Nzc3Nzc3Nzc3N//AABEIAJAAmwMBIgACEQEDEQH/xAAcAAABBQEBAQAAAAAAAAAAAAAEAQIDBQYABwj/xAA+EAACAQMCBAQEAwUGBgMAAAABAgMABBESIQUTMUEGIlFhcYGRoRSxwSMyQlLRFTNik7LxQ1NyosLhB4KS/8QAFAEBAAAAAAAAAAAAAAAAAAAAAP/EABQRAQAAAAAAAAAAAAAAAAAAAAD/2gAMAwEAAhEDEQA/APIUkLBT7etSo5yNPzoKMmPT1wRRSNjPwoCYpS3seppI7ovIUxvnGcCo4MAnPpUcasOIeUerY+VBYFcAZEbZ/wANJpXvDEf/AK1y55UYbrpyaUUE9kkYuCojRG0HJFFcWi5tjYlgfLkYG1DWA13oB/iUg1Y8R83C7du+v9KCkaGIDUeauOp5hpeQvaSYZH82ac+CjBtwe1KDsPlQN5B7XEnzApjRODtc/VKmDZ271HL1GelAi84HadPpRKPKB/euD/hYip0VdI8o3GcYqG6OkJpIB74oHG4uUHkeRj7tTDeXhxqRm99QNQGR9sOajaeYZ/aZ+I6UBTXkzSRvLbFnj/dYoMip141IpOuFvmhqs/HTqdih+K04cSmA3jjP1FBajj0YG8RHyNKePW5OdP3quTiTNs0Iz/1U43cYO9uuaAYWSkDMfb1qQWa4wUP1o+NfKu/an4oKacG3cIiDJXUWb6UluSJuYQC2kjNT8W2uI/eP9T/Wh0YAAY+dAVlmGF/eA2NQGZwSCqjFPU5GabLkjPcUDre4ljl1jSPiuaNk4jJPAkEqR6FYHKZBO1VucAbnPtUgbPQnHvQTrpZmBDDfbBzSHCnDHGDjaoS39K7XpIzn4igmjGX0tnHtiudFYBkZyB1LKBUXMRULHVj0qS3tJrlQ7yaFPRaAsXUQUZ2IHQMKjkkhnCnmlMbbpn8queH+H0kVMzDpv+z6/erC78GGeIzcPlRX7qQQGoMi0S6SROhx18pFQvGWGAw39qnlR43eIqwZThgwwQw6ioyDvQDNbvk7rSi1kw3mQY6b9aJBGMAU4FQpB3JoBFiZSuwPfY1YJwu9kQOkaMp6HmrUYwF+xp4BA2cgemKAiOWPSo5i9PWlaRNJw6n50AlqNK79h2p4txkeb7UEfFBl4iNwE6j40GpyP60TdQhAu/UH86GHb1FBJGwHfrSuc4xio1xqGN8U4jJzpxQcDgDanZ3xtSKBqBB+FS46nNA3ocU1um9O0+v1pSB60DTuozv5gTV3baLaBOe6pnpqNDRWCScNNyGbmDfA6dasRbc1gUA1AdWXNBecIlt3izFPHIenlOcVf2XEuHx27RScStop1P8AcvKAx37Vj+Gq1vewNc6JV1qG2xq39quG8OPb8QVmdBZzllRjEG3/AJWz0IzQZ3xdEsHHbkDq2liB0OR1zVEQR1wK2ni3h9vEZJJAedHBGqya8YxkBQvTB3+lY9wD0oGBN+tdpJbY1IFx3FKqgdKBNB09e9cNXqPrT/akPXegljQFBkdQN6eUC96BWMlF8zdPWpAuB++2fjQRcR1alBwVwQKDQ47Zoy5T9izFslcZ1Hc79qFTyn1I+9A+PPcD2pj5c5A2qUHbemHPrigXdT5BtjenAkUoG3xrsUCgAAYbJOcj0rutKK6gLtbjl20sLsVDA6dupParu0JKAFiNu1ZxMDOcVc2kw0AdDjegM1h7hArrCo21EitpYXfMszE18biVxmTVjzYGxAHcDasPHBGX1KyoepfSG/Or6NLaFYpxJFJKFP7ZYgjYI3HlwKCq8X3UehbIaue0iSyNjbQFbSPu1ZsgGjOI3K399JOMhWICZ/lAwP1oflnGSce9BHvjFSMFyNAbp39a4KPj65p6Zz2+QoEZBp7k7daZywfWp984xXFWydqCn58ixBjIDhc9KfDPI+Mvv8OlBwz68pywulckEe1Kt55OYIm0dNYXagJWZpon14wr6RtXDff7URDau8KSMFKywPKuNsY/3qHDhdPlwTnrQJ7UnxqUQuwzlP8A9gVywtnqn+YKBq9KU+xp5tpCOsf+Ytc1vKilmC7dcSAn6UEY3NPCZqdbOZI1nmaG2hJ0l55QpHvo6mpoLdbmZo+HRS8TYdJOVyoV+R3PzoH8M4YeIswSRY41Hmc5yR7CtdN4ehnUSxu0MmkA6V1Kce1D8H4Hcxst3f3Be4KGNYk2jjU9ceprWWNtI8YRY5JMDshzigx8/Brq3TUxjdAQCw6DJwM56Vt/D3gjQjXHEpg+I20xRxnlrsdyTu3wFKvCJriSF4ljJS5hduZKBsJASN++B0r0CwgSBpFQliW3JJb86D52k4DdxPJDE0Fy8RUBEcK7Kc4YITnG1BXFvNbnTcQzRMO0iEY+1e5+I/AXBOPc2WeOSGcD9ncxPhojk5wO4z+dYc+B/E/DpWiseMyLpyF55DIwPoTQefqI2PlZST6EVKqHPStofBniqfTBf3PC1hEiqGaE6vM2PKwHXf71lZYZra4lt7mJop4nMciN1Vh2oIdAHYU7A7ilPvXZoM9cOlxxOWS3U8v8NjOnvio0u4x4fNnypefqP8O3WiXs2sOIT2/NZ1/BlxntkCmQcPeTw/JxIzuJBnAztsaAx43fhNgAMaYW1Z9ABQpQgY2xRt6XHB+GSEkGSMg/ArQoB05OaBgTOen0rtI9zUignYZ+dcFPdTigj0gjYVovCfBYr6SW4uYg0MZ0KpGxc/02qjYCOLXsTgnHpXp/AOHix4Xb2yjzIup/UsRkn7/agCHhbhgme5ayieVn1Fjk4+Aq1jsOXbrIsJSAnSpVMKT6CreK3ih/BzM4ljmYxyqR+6y74PrsTVrdyxXsVnFkaEuyjIBjAZSVP/aaCK04TBbcNtrrQTOsxSXUf3djt8qsVyh5LnoPIx+HSktJPxXAbmQ9Xn5o9gzY/KpL4Zhz3AG4oKu04XbXxka6aYOkiXUZD4ZWy6kE+laKw0wRKkIxHkkLmq+FdEygdXhK4A64cH9aJjfS5XoM5GRQWqFWtwp2D5H1qumHNhjcj9pEdJ98f7VPzDyY9Oc9aYxzzGTu4cfrQV/En5MVxgnyyJIP+nOo/wCmvPf/AJO4ekfELbiUWB+KUxye7Lup+YI+lb7jJVLeZQdioIB6rk4OPasx48tzceEYpxu1rMjH4ZKn9KDzRl1DO9R6cdqnGM4rsLQZyKZ57y7a7aU3KWrK2rtgCowlxHwfOLkWD79tOT/7qUs13xPiV0kLKktucBvgBRLXxk8Lf2WYHEybA9sZyKAniiBuFcJRWwDGSpY7fuigozp0tgHHY9DVjxVMcM4XqB8sDZHpsKr4yUGNssuNx0oGrkMaYo1bHIHxp8anG9OMa5zignsIPxV9a246SzIp+Gd/sDXsPCSDfxdNLvpwfcEfqK8w8Iw83j9ux/4SvKfkMfrXplm3LaJ+mllOfgaCSWYRcMkiZSXidZEI7MPKw+YqSO4027KgB5mDG2NwxGCfkpYfOo+Kgpc3kbdOY/z70Nwp3eyi1HIDMufQA0GksJxDNHanHLkiCkeh7UQ7Z/Zk505BqhMzPJr6HIx8qtoJecBJtk9fjQJxi2uLuLkWd0LZ3jdWkIyQPL/Su4dbG0hRHunuJMKHkbYsQMbDtT5JQZou2qOT9KYJMMN980FlBLiNVydjU6thT6bE1WhsE4P8VEq55bHvigquOTZupYB0jt1BPqWbP6Ul7ai+8NcQtT/xIZdPxGWH5VBxYg8SuVzktHG32o/hsoB0vuuvp7Hr+dB4muWCsD1ANSbdwc0XfWX4LiF3Zkb288kXyVtvtiotA9KDMyRCx4jf29vvFHFqAck+U42oqG0jbgQ4ny0OTp0b+uOtVsB5T3gnt3Ewhw2p8lulE2/4luGhkhC2nMzy+buDnrigIkvprq3jR7fCRqVU/wAoqJlIIyDnfejEQLZSLq0sAce9RSL5Bk5PoKCBdqUnpRP9nX2M/hJceuBSRWF3MDyoHOO22aC68ERg8VuHG4S2Pb1Ir0BMCLGOorHeC7C4tPx73URjLrGq5IPc1sVO42+VA/iD67l2/wCaiSfUAH7iheESqbBQp3BJx8TUl621q5/5bL9GyKruBOSj9wQPlgmguEO/tVhZyYV843quQ4NTQyaCc9D9qAu8knEcZtQnP0SCPV0yQCM0HwlOJrAP7WkBm1bDYkD3IqaSTzwH0k/MVIHzn1oDFY4+Boov9MVXxHJPyoonYYODnagob2cS8cutPSIRx599Of1o62kww3x5s1RCUNxriC9xdEY9goxVtEw14yfbFBkvF0OnxPevjAmEc31QZ+4NVBAz1NaLxyGF/YTgf3tsYyfdHP6MKzZO/QfWgyN1HLe3V3craunMjHL1nvTF58LqJbVFUEDVmiFPlALscAVDduUEZGGGrBDd6CaSaSTmQFUKaS2aCeQjlac4KqSN6LiuJXLKkMCkqRkZzQksnMWMJzGblhSCp8p9qDYXElw0RCvofb+MHIxXWV7pSFGmQFvIw1AdKykEB0nVDMxwcHlHrTobe5WEx/hXIJzkxj+tB6ZwSVHjmKSI/wC0QHQwOOpq+iJLDQMmsJ4Dje3iuonjMeqVG3A32PpWySbDZzkUCcTdl0ByNgTt7mqnwvMXRxnODJ/qo3jjj8NriABxjaqvgCi0VIlYtktlj3JOaDTZp8TgH40Jz1/mp3OGetAZOdkbfytkmhLHiFxczzI1syJG+NTZG36mukuFMTb70/nZP7xIB236UFpA+OvejUOVznuNqpEucAYPSivxe2c74oKniUYtvEsuBhbhVlH0IP5CitW4229RQ3iGcG9spf4hHIh+xFItwpRd8bUAfjhj/ZfD5lZTpmdckfzLn/xrJF5juM4P+CtT4uAuvDDAfwXEbZBx3Irz5uHxkklfvQf/2Q==', 'H', '1912-01-08', '1991-03-23', 'Japonais'),
	(83, 'Tatsuya', 'Mihashi', 'https://decine21.com/img/upload/perfiles/tatsuya-mihashi-9008/tatsuya-mihashi-9008-c.jpg', 'H', '1923-11-02', '2004-05-15', 'Japonais');

-- Listage de la structure de table cinema. casting
CREATE TABLE IF NOT EXISTS `casting` (
  `id_film` int NOT NULL,
  `id_acteur` int NOT NULL,
  `id_role` int NOT NULL,
  PRIMARY KEY (`id_film`,`id_acteur`,`id_role`),
  KEY `id_acteur` (`id_acteur`),
  KEY `id_role` (`id_role`),
  CONSTRAINT `casting_ibfk_1` FOREIGN KEY (`id_film`) REFERENCES `film` (`id_film`),
  CONSTRAINT `casting_ibfk_2` FOREIGN KEY (`id_acteur`) REFERENCES `acteur` (`id_acteur`),
  CONSTRAINT `casting_ibfk_3` FOREIGN KEY (`id_role`) REFERENCES `role` (`id_role`)
) ENGINE=InnoDB DEFAULT CHARSET=utf8mb3;

-- Listage des données de la table cinema.casting : ~81 rows (environ)
INSERT INTO `casting` (`id_film`, `id_acteur`, `id_role`) VALUES
	(1, 1, 1),
	(1, 2, 2),
	(1, 3, 3),
	(10, 3, 38),
	(1, 4, 4),
	(19, 4, 73),
	(2, 5, 5),
	(2, 6, 6),
	(2, 7, 7),
	(2, 8, 8),
	(3, 9, 9),
	(3, 10, 10),
	(3, 11, 11),
	(3, 12, 12),
	(4, 13, 13),
	(4, 14, 14),
	(10, 14, 39),
	(4, 15, 15),
	(4, 16, 16),
	(5, 17, 17),
	(7, 17, 26),
	(5, 18, 18),
	(5, 19, 19),
	(5, 20, 20),
	(6, 21, 21),
	(6, 22, 22),
	(6, 23, 23),
	(6, 24, 24),
	(7, 25, 25),
	(7, 26, 27),
	(7, 27, 28),
	(8, 28, 29),
	(9, 28, 33),
	(17, 28, 65),
	(20, 28, 77),
	(8, 29, 30),
	(8, 30, 31),
	(9, 32, 34),
	(9, 33, 35),
	(9, 34, 36),
	(10, 35, 37),
	(10, 36, 40),
	(11, 37, 41),
	(12, 37, 45),
	(11, 38, 42),
	(11, 39, 43),
	(11, 40, 44),
	(12, 41, 46),
	(12, 42, 47),
	(12, 43, 48),
	(13, 44, 49),
	(13, 45, 50),
	(13, 46, 51),
	(13, 47, 52),
	(14, 48, 53),
	(14, 49, 54),
	(14, 50, 55),
	(14, 51, 56),
	(15, 52, 57),
	(15, 53, 58),
	(15, 54, 59),
	(15, 55, 60),
	(16, 56, 61),
	(18, 56, 71),
	(16, 57, 62),
	(16, 58, 63),
	(16, 59, 64),
	(17, 60, 66),
	(17, 61, 67),
	(17, 62, 68),
	(18, 63, 69),
	(18, 64, 70),
	(18, 65, 72),
	(19, 66, 74),
	(19, 67, 75),
	(19, 68, 76),
	(20, 69, 78),
	(20, 70, 79),
	(20, 71, 80),
	(21, 72, 81),
	(21, 73, 82),
	(21, 74, 83),
	(21, 75, 84),
	(22, 76, 85),
	(22, 77, 86),
	(22, 78, 87),
	(22, 79, 88),
	(23, 80, 89),
	(23, 81, 90),
	(23, 82, 91),
	(23, 83, 92);

-- Listage de la structure de table cinema. film
CREATE TABLE IF NOT EXISTS `film` (
  `id_film` int NOT NULL AUTO_INCREMENT,
  `titre` varchar(255) DEFAULT NULL,
  `img` text CHARACTER SET utf8mb3 COLLATE utf8mb3_general_ci,
  `date_sortie` date DEFAULT NULL,
  `duree` int DEFAULT NULL,
  `synopsis` text,
  `note` decimal(20,6) DEFAULT NULL,
  `id_realisateur` int NOT NULL,
  PRIMARY KEY (`id_film`),
  KEY `id_realisateur` (`id_realisateur`),
  CONSTRAINT `film_ibfk_1` FOREIGN KEY (`id_realisateur`) REFERENCES `realisateur` (`id_realisateur`)
) ENGINE=InnoDB DEFAULT CHARSET=utf8mb3;

-- Listage des données de la table cinema.film : ~23 rows (environ)
INSERT INTO `film` (`id_film`, `titre`, `img`, `date_sortie`, `duree`, `synopsis`, `note`, `id_realisateur`) VALUES
	(1, 'Interstellar', 'public/img/interstellar.jpg', '2014-11-07', 169, 'Dans un proche futur, la Terre est devenue hostile pour l\'homme. Les tempêtes de sable sont fréquentes et il n\'y a plus que le maïs qui peut être cultivé, en raison d\'un sol trop aride. Cooper est un pilote, recyclé en agriculteur, qui vit avec son fils et sa fille dans la ferme familiale. Lorsqu\'une force qu\'il ne peut expliquer lui indique les coordonnées d\'une division secrète de la NASA, il est alors embarqué dans une expédition pour sauver l\'humanité.', 4.500000, 1),
	(2, 'Lara Croft : Tomb Raider, le berceau de la vie', 'public/img/Tomb-Raider.jpg', '2003-07-25', 117, 'De son père archéologue, Lara Croft a hérité la passion des trésors enfouis. Au large de l\'île grecque de Santorin, dans les profondeurs marines, elle est parvenue jusqu\'au temple de la Lune, jadis construit par Alexandre le Grand. Bien plus que son intérêt pour les vieilles pierres, c\'est une orbe, dissimulée dans la statue du conquérant qui motive la curiosité de l\'aventurière. En effet, celle-ci s\'avère être la carte menant à une redoutable relique, la boîte de Pandore.', 1.900000, 2),
	(3, 'Les Sentiers de la perdition', 'public/img/sentier_perdition.jpg', '2002-07-12', 117, 'En 1930, deux pères : Michael Sullivan, un tueur professionnel au service de la mafia irlandaise dans le Chicago de la Dépression, et Mr. John Rooney, son patron et mentor, qui l\'a élevé comme son fils. Deux fils : Michael Sullivan junior et Connor Rooney, qui font chacun des efforts désespérés pour s\'attirer l\'estime et l\'amour de leurs géniteurs.', 3.900000, 3),
	(4, 'Silence', 'public/img/silence.jpg', '2016-11-26', 161, 'XVIIème siècle, deux prêtres jésuites se rendent au Japon pour retrouver leur mentor, le père Ferreira, disparu alors qu’il tentait de répandre les enseignements du catholicisme. Au terme d’un dangereux voyage, ils découvrent un pays où le christianisme est décrété illégal et ses fidèles persécutés. Ils devront mener dans la clandestinité cette quête périlleuse qui confrontera leur foi aux pires épreuves.', 3.600000, 4),
	(5, 'Taxi Driver', 'public/img/taxi_driver.jpg', '1976-02-08', 109, 'Travis Bickle, jeune homme du Midwest et ancien marine, est chauffeur de taxi de nuit à New York. Insomniaque et solitaire, il rencontre un jour Betsy, une assistante du sénateur Charles Palantine, candidat à la présidentielle. Elle repousse ce chauffeur de taxi après qu\'il l\'a emmenée voir un film pornographique. Renvoyé à sa solitude et confronté à la violence et à la perversion de la nuit new-yorkaise, il achète des armes au marché noir et s’entraîne à les manier.', 4.300000, 4),
	(6, 'La Dernière Tentation du Christ ', 'public/img/derniere_tempt_christ.jpg', '1988-08-12', 164, 'Comme tous les hommes, Jésus vit dans le péché et dans la peur. Il veut vivre la vie d\'un homme normal et désire Marie Madeleine. Mais Dieu l\'a choisi pour être le Messie, pour être le Sauveur de l\'humanité. Après avoir découvert sa vraie nature lors d\'un voyage dans le désert, il commence à prêcher la bonne parole et à accomplir des miracles. Il compte de plus en plus de disciples, dont le premier d\'entre eux, Judas, et s\'oppose aux prêtres juifs.', 3.500000, 4),
	(7, 'Les Affranchis', 'public/img/affranchis.jpg', '1990-09-12', 146, 'Depuis sa plus tendre enfance, Henry Hill, né d\'un père irlandais et d\'une mère sicilienne, veut devenir gangster et appartenir à la Mafia. Adolescent dans les années cinquante, il commence par travailler pour le compte de Paul Cicero et voue une grande admiration pour Jimmy Conway, qui a fait du détournement de camions sa grande spécialité. Lucide et ambitieux, il contribue au casse des entrepôts de l\'aéroport d\'Idlewild et épouse Karen, une jeune Juive qu\'il trompe régulièrement. Mais son implication dans le trafic de drogue le fera plonger...', 4.500000, 4),
	(8, 'Aviator', 'public/img/aviator.jpg', '2004-12-25', 171, 'Howard Hughes est un richissime homme d\'affaires, passionné par les avions et le cinéma. À la fin des années 1920, il produit et réalise le film Les Anges de l\'enfer, dans lequel il investit des sommes colossales, qui sort en 1930. Il devient rapidement une célébrité et entretient des relations tumultueuses avec les stars de cinéma de l\'époque comme Katharine Hepburn et Ava Gardner. Il engage également un bras de fer avec la compagnie aérienne Pan Am, pour permettre à sa compagnie, la TWA, de couvrir les lignes à l\'international. Mais dans l\'intimité, Howard Hughes souffre de multiples troubles obsessionnels compulsifs qui évoluent rapidement et le rongeront jusqu\'à la fin de ses jours.', 3.800000, 4),
	(9, 'Le Loup de Wall Street', 'public/img/loup_wall_street.jpg', '2013-12-25', 179, 'L’argent. Le pouvoir. Les femmes. La drogue. Les tentations étaient là, à portée de main, et les autorités n’avaient aucune prise. Aux yeux de Jordan et de sa meute, la modestie était devenue complètement inutile. Trop n’était jamais assez…', 4.200000, 4),
	(10, 'Batman Begins', 'public/img/batman.jpg', '2005-06-15', 140, 'Le jeune Bruce Wayne assiste impuissant au meurtre de ses parents. Profondément traumatisé, il grandit obnubilé par un désir de vengeance et voyage aux quatre coins du monde pour étudier la criminologie et les arts martiaux. La Ligue des ombresNote 2, une secte de guerriers ninja dirigée par Ra\'s al Ghul, se chargera de son entraînement physique. De retour chez lui à Gotham, le jeune homme se charge de la gestion de Wayne Enterprises dont il est l\'héritier. Opérant depuis le sous-sol du manoir familial avec l\'aide de son majordome Alfred Pennyworth et de Lucius Fox qui travaille aux entreprises Wayne, Bruce se lance alors dans la lutte contre le crime sous son identité de Batman.', 4.100000, 1),
	(11, 'Free Guy', 'public/img/free_guy.jpg', '2021-08-13', 115, 'Un employé de banque, découvrant un jour qu’il n’est en fait qu’un personnage d’arrière-plan dans un jeu vidéo en ligne, décide de devenir le héros de sa propre histoire, quitte à la réécrire. Evoluant désormais dans un monde qui ne connaît pas de limites, il va tout mettre en œuvre pour le sauver à sa manière, avant qu’il ne soit trop tard…', 3.800000, 5),
	(12, 'Deadpool', 'public/img/deadpool.jpg', '2016-02-16', 108, 'Deadpool, est l\'anti-héros le plus atypique de l\'univers Marvel. A l\'origine, il s\'appelle Wade Wilson : un ancien militaire des Forces Spéciales devenu mercenaire. Après avoir subi une expérimentation hors norme qui va accélérer ses pouvoirs de guérison, il va devenir Deadpool. Armé de ses nouvelles capacités et d\'un humour noir survolté, Deadpool va traquer l\'homme qui a bien failli anéantir sa vie.', 4.000000, 7),
	(13, 'Danse avec les loups', 'public/img/danse_avec_les_loups.jpg', '1990-11-21', 181, 'Le jeune lieutenant John Dunbar est envoyé à un poste de reconnaissance dans les immenses plaines du Dakota pendant la guerre de Sécession. Il rencontre au cours de l\'une de ses missions de reconnaissance le peuple sioux.', 5.000000, 6),
	(14, 'Tolkien', 'public/img/tolkien.jpg', '2019-05-03', 112, 'TOLKIEN revient sur la jeunesse et les années d’apprentissage du célèbre auteur. Orphelin, il trouve l’amitié, l’amour et l’inspiration au sein d’un groupe de camarades de son école. Mais la Première Guerre Mondiale éclate et menace de détruire cette « communauté ». Ce sont toutes ces expériences qui vont inspirer Tolkien dans l’écriture de ses romans de la Terre du Milieu', 3.700000, 8),
	(15, '300 : La Naissance d\'un empire', 'public/img/300.jpg', '2014-03-07', 102, 'En 490 av. J.-C., au cours de la bataille de Marathon, le roi perse Darius Ier est mortellement blessé par le général athénien Thémistocle sous les yeux de son fils Xerxès. De retour en Perse, la commandante de sa flotte, la reine Artémise Ire, le convainc de se venger des Grecs et en fait un dieu-roi. Dix ans plus tard, il envahit la Grèce. Alors que Léonidas et ses 300 Spartiates arrêtent Xerxès aux Thermopyles, les Athéniens, Thémistocle à leur tête, combattent sur mer au cap Artémision. Quelques jours plus tard, les flottes s\'affrontent lors de la grande bataille de Salamine qui se déroule peu avant celle de Platées. Les Grecs gagnent la bataille.', 3.200000, 9),
	(16, 'Sans un bruit', 'public/img/sans_bruit.jpg', '2018-04-06', 90, 'Une famille tente de survivre sous la menace de mystérieuses créatures qui attaquent au moindre bruit. S’ils vous entendent, il est déjà trop tard.', 3.700000, 10),
	(17, 'Titanic', 'public/img/titanic.jpg', '1997-12-20', 195, 'Southampton, 10 avril 1912. Le paquebot le plus grand et le plus moderne du monde, réputé pour son insubmersibilité, le "Titanic", appareille pour son premier voyage. Quatre jours plus tard, il heurte un iceberg. A son bord, un artiste pauvre et une grande bourgeoise tombent amoureux.', 4.300000, 11),
	(18, 'Le Chasseur et la Reine des glaces', 'public/img/chasseur_reine_neige.jpg', '2016-04-22', 114, 'Il y a fort longtemps, bien avant qu’elle ne tombe sous l’épée de Blanche Neige, la reine Ravenna avait dû assister, sans mot dire, à la trahison amoureuse qui avait contraint sa sœur Freya à quitter leur royaume, le cœur brisé. Celle que l’on appelait la jeune reine des glaces, à cause de son habilité à geler n’importe quel adversaire, s’employa alors à lever une armée de guerriers impitoyables, au fond d’un palais glacé.', 3.200000, 12),
	(19, 'La Mémoire dans la peau', 'public/img/memoire_peau.jpg', '2002-06-14', 119, 'Sur la côte adriatique, un petit bateau de pêche repère le corps inanimé d\'un homme ballotté par les flots. Des marins s\'empressent de le repêcher. Portant des traces de balles dans le dos, cet homme à l\'identité inconnue a miraculeusement survécu, mais il ne se souvient plus de rien. Même pas de son nom. Et encore moins des raisons pour lesquelles on a tenté de le tuer.', 4.000000, 13),
	(20, 'Inception', 'public/img/inception.jpg', '2010-07-16', 148, 'Dom Cobb est un voleur expérimenté – le meilleur qui soit dans l’art périlleux de l’extraction : sa spécialité consiste à s’approprier les secrets les plus précieux d’un individu, enfouis au plus profond de son subconscient, pendant qu’il rêve et que son esprit est particulièrement vulnérable. Très recherché pour ses talents dans l’univers trouble de l’espionnage industriel, Cobb est aussi devenu un fugitif traqué dans le monde entier qui a perdu tout ce qui lui est cher. Mais une ultime mission pourrait lui permettre de retrouver sa vie d’avant – à condition qu’il puisse accomplir l’impossible : l’inception. Au lieu de subtiliser un rêve, Cobb et son équipe doivent faire l’inverse : implanter une idée dans l’esprit d’un individu. S’ils y parviennent, il pourrait s’agir du crime parfait. Et pourtant, aussi méthodiques et doués soient-ils, rien n’aurait pu préparer Cobb et ses partenaires à un ennemi redoutable qui semble avoir systématiquement un coup d’avance sur eux. Un ennemi dont seul Cobb aurait pu soupçonner l’existence.', 4.500000, 1),
	(21, 'Un espion ordinaire', 'public/img/espion_ordinaire.jpg', '2021-03-19', 111, 'Au début des années 1960, l\'homme d\'affaires britannique Greville Wynne (Benedict Cumberbatch), du fait de ses voyages réguliers dans le bloc de l\'Est, est recruté par le MI6, en lien avec la CIA. Il lui est demandé de se rendre en URSS pour prendre contact avec Oleg Penkovsky (Merab Ninidze), un colonel du service de renseignement militaire de l\'armée soviétique (GRU). Ce dernier craint en effet que l\'impulsivité de Nikita Khrouchtchev ne le pousse à déclencher un conflit nucléaire avec le bloc de l\'Ouest.', 3.900000, 14),
	(22, 'Frankenstein', 'public/img/frankenstein_1931.jpg', '1931-11-21', 71, 'Henry Frankenstein est un jeune scientifique qui rêve de créer un être humain à l\'aide de ses connaissances. En compagnie de son assistant Fritz, les deux hommes vont concrétiser ce dessein à partir de morceaux de cadavres mais l\'expérience va tourner au cauchemar. En effet, le monstre à qui les savants ont greffé le cerveau d\'un criminel, va échapper à leur contrôle et commettre plusieurs meurtres.', 4.000000, 15),
	(23, 'Tora ! Tora ! Tora !', 'public/img/tora_tora_tora.jpg', '1970-09-25', 144, 'Matin du 7 décembre 1941. La base navale américaine de Pearl Habor, dans le Pacifique, s\'éveille à peine. Les chasseurs de l\'armée japonaise sont, eux, déjà en route pour ce qui restera dans l\'Histoire comme l\'une des attaques les plus meurtrières jamais commises contre les Etats-Unis.', 3.800000, 16);

-- Listage de la structure de table cinema. genre
CREATE TABLE IF NOT EXISTS `genre` (
  `id_genre` int NOT NULL,
  `libelle` varchar(255) DEFAULT NULL,
  PRIMARY KEY (`id_genre`)
) ENGINE=InnoDB DEFAULT CHARSET=utf8mb3;

-- Listage des données de la table cinema.genre : ~30 rows (environ)
INSERT INTO `genre` (`id_genre`, `libelle`) VALUES
	(1, 'Science-Fiction'),
	(2, 'Aventure'),
	(3, 'Policier'),
	(4, 'Drame-Historique'),
	(5, 'Drame-Psychologique'),
	(6, 'Guerre'),
	(7, 'Histoire'),
	(8, 'Action'),
	(9, 'Comédie'),
	(10, 'Drame'),
	(11, 'Comédie dramatique'),
	(14, 'Espionnage'),
	(15, 'Fantastique'),
	(16, 'Horreur'),
	(17, 'Western'),
	(18, 'Documentaires'),
	(19, 'Thriller'),
	(20, 'Gangster'),
	(21, 'Biographique'),
	(22, 'Biopic'),
	(23, 'Super-Héros'),
	(24, 'Peplum'),
	(25, 'Science-Fiction Post-Apocalyptique'),
	(26, 'Survie'),
	(27, 'Romance'),
	(28, 'Catastrophe'),
	(29, 'Dark Fantasy'),
	(30, 'Fantsy');

-- Listage de la structure de table cinema. lien_genre_film
CREATE TABLE IF NOT EXISTS `lien_genre_film` (
  `id_film` int NOT NULL,
  `id_genre` int NOT NULL,
  PRIMARY KEY (`id_film`,`id_genre`),
  KEY `id_genre` (`id_genre`),
  CONSTRAINT `lien_genre_film_ibfk_1` FOREIGN KEY (`id_film`) REFERENCES `film` (`id_film`),
  CONSTRAINT `lien_genre_film_ibfk_2` FOREIGN KEY (`id_genre`) REFERENCES `genre` (`id_genre`)
) ENGINE=InnoDB DEFAULT CHARSET=utf8mb3;

-- Listage des données de la table cinema.lien_genre_film : ~61 rows (environ)
INSERT INTO `lien_genre_film` (`id_film`, `id_genre`) VALUES
	(1, 1),
	(11, 1),
	(12, 1),
	(20, 1),
	(22, 1),
	(2, 2),
	(4, 2),
	(10, 2),
	(11, 2),
	(12, 2),
	(13, 2),
	(18, 2),
	(3, 3),
	(4, 4),
	(21, 4),
	(5, 5),
	(15, 6),
	(23, 6),
	(2, 8),
	(10, 8),
	(11, 8),
	(12, 8),
	(15, 8),
	(18, 8),
	(19, 8),
	(11, 9),
	(12, 9),
	(1, 10),
	(3, 10),
	(6, 10),
	(10, 10),
	(13, 10),
	(14, 10),
	(16, 10),
	(17, 10),
	(18, 10),
	(22, 10),
	(9, 11),
	(19, 14),
	(21, 14),
	(2, 15),
	(11, 15),
	(12, 15),
	(18, 15),
	(22, 15),
	(16, 16),
	(22, 16),
	(13, 17),
	(3, 19),
	(10, 19),
	(16, 19),
	(19, 19),
	(20, 19),
	(7, 20),
	(9, 20),
	(7, 21),
	(8, 21),
	(14, 21),
	(9, 22),
	(10, 23),
	(12, 23),
	(15, 24),
	(16, 25),
	(16, 26),
	(17, 27),
	(17, 28),
	(18, 29),
	(18, 30);

-- Listage de la structure de table cinema. realisateur
CREATE TABLE IF NOT EXISTS `realisateur` (
  `id_realisateur` int NOT NULL,
  `prenom` varchar(150) DEFAULT NULL,
  `nom` varchar(50) DEFAULT NULL,
  `img` text,
  `sexe` varchar(50) CHARACTER SET utf8mb3 COLLATE utf8mb3_general_ci DEFAULT NULL,
  `date_naissance` date DEFAULT NULL,
  `date_mort` date DEFAULT NULL,
  `nationalite` varchar(50) DEFAULT NULL,
  PRIMARY KEY (`id_realisateur`)
) ENGINE=InnoDB DEFAULT CHARSET=utf8mb3;

-- Listage des données de la table cinema.realisateur : ~16 rows (environ)
INSERT INTO `realisateur` (`id_realisateur`, `prenom`, `nom`, `img`, `sexe`, `date_naissance`, `date_mort`, `nationalite`) VALUES
	(1, 'Christopher', 'Nolan', 'https://fr.web.img5.acsta.net/c_310_420/pictures/14/10/30/10/59/215487.jpg', 'H', '1970-07-30', NULL, 'Américain'),
	(2, 'Jan', 'de Bont', 'https://images.mubicdn.net/images/cast_member/18306/cache-66790-1350398853/image-w856.jpg?size=800x', 'H', '1943-10-22', NULL, 'Néerlandais'),
	(3, 'Sam', 'Mendes', 'https://fr.web.img6.acsta.net/c_310_420/pictures/19/12/19/10/07/3820305.jpg', 'H', '1965-08-01', NULL, 'Britanique'),
	(4, 'Martin', 'Scorsese', 'https://fr.web.img6.acsta.net/c_310_420/pictures/19/09/09/12/00/5874736.jpg', 'H', '1942-11-17', NULL, 'Américain/Italien'),
	(5, 'Shawn', 'Levy', 'https://fr.web.img3.acsta.net/c_310_420/pictures/14/12/17/17/39/561694.jpg', 'H', '1968-07-23', NULL, 'Canadien'),
	(6, 'Kevin', 'Costner', 'https://fr.web.img4.acsta.net/c_310_420/pictures/15/07/07/12/21/389121.jpg', 'H', '1955-01-18', NULL, 'Américain'),
	(7, 'Tim', 'Miller', 'https://fr.web.img2.acsta.net/c_310_420/pictures/19/07/23/09/43/3573217.jpg', 'H', '1964-10-10', NULL, 'Américain'),
	(8, 'Dome', 'Karukoski', 'https://fr.web.img5.acsta.net/c_310_420/pictures/15/10/27/14/57/377577.jpg', 'H', '1976-12-29', NULL, 'Finlandais'),
	(9, 'Noam', 'Murro', 'https://cdn1.cinenode.com/author_picture/49/noam-murro-48572-330-540.jpg', 'H', '1961-08-16', NULL, 'Israélien'),
	(10, 'John', 'Krasinski', 'https://fr.web.img6.acsta.net/c_310_420/pictures/14/12/10/16/27/333396.jpg', 'H', '1979-10-20', NULL, 'Américain'),
	(11, 'James', 'Cameron', 'https://fr.web.img6.acsta.net/c_310_420/pictures/22/12/07/15/19/3602099.jpg', 'H', '1954-08-16', NULL, 'Canadien'),
	(12, 'Cédric Nicolas', 'Troyan', 'https://fr.web.img4.acsta.net/c_310_420/pictures/16/04/04/12/28/513553.jpg', 'H', '1969-03-09', NULL, 'Français'),
	(13, 'Doug', 'Liman', 'https://fr.web.img2.acsta.net/c_310_420/pictures/14/05/23/17/16/249528.jpg', 'H', '1965-03-24', NULL, 'Américain'),
	(14, 'Dominic', 'Cooke', 'https://fr.web.img3.acsta.net/c_310_420/pictures/17/08/24/20/07/524016.jpg', 'H', '1966-02-01', NULL, 'Britanique'),
	(15, 'James', 'Whale', 'https://fr.web.img6.acsta.net/c_310_420/medias/nmedia/18/67/25/07/18974922.jpg', 'H', '1889-07-22', '1957-05-29', 'Britanique'),
	(16, 'Kinji', 'Fukasaku', 'https://upload.wikimedia.org/wikipedia/en/8/89/KinjiFukasakuPromoPhoto.jpg', 'H', '1930-07-03', '2003-01-12', 'Japonais');

-- Listage de la structure de table cinema. role
CREATE TABLE IF NOT EXISTS `role` (
  `id_role` int NOT NULL,
  `prenom` varchar(255) DEFAULT NULL,
  `nom` varchar(255) DEFAULT NULL,
  PRIMARY KEY (`id_role`)
) ENGINE=InnoDB DEFAULT CHARSET=utf8mb3;

-- Listage des données de la table cinema.role : ~87 rows (environ)
INSERT INTO `role` (`id_role`, `prenom`, `nom`) VALUES
	(1, 'Joseph', 'Cooper'),
	(2, 'Amelia', 'Brand'),
	(3, 'John', 'Brand'),
	(4, 'Docteur', 'Mann'),
	(5, 'Lara', 'Croft'),
	(6, 'Terry', 'Sheridan'),
	(7, 'Jonathan', 'Reiss'),
	(8, 'Brice, ', 'L\'Assistant de Lara'),
	(9, 'Michael', 'Sullivan'),
	(10, 'John', 'Rooney'),
	(11, 'Connor', 'Rooney'),
	(12, 'Annie', 'Sullivan'),
	(13, 'Père Sebastião', 'Rodrigues'),
	(14, 'Père Cristóvão', 'Ferreira'),
	(15, 'Père Francisco', 'Garupe'),
	(16, 'Monica', ''),
	(17, 'Travis', 'Bickle'),
	(18, 'Betsy', ' '),
	(19, 'Sorcier', ' '),
	(20, 'Iris « Facilité » ', 'Steensma'),
	(21, 'Jesus', 'De Nazareth'),
	(22, 'Judas', 'Iscrariote'),
	(23, 'Marie', 'Madeleine'),
	(24, 'Marie', 'De Nazareth'),
	(25, 'Henry', 'Hill'),
	(26, 'James « Jimmy »', 'Conway'),
	(27, 'Tommy', 'DeVito'),
	(28, 'Karen', 'Hill'),
	(29, 'Howard', 'Hughes'),
	(30, 'Katharine', 'Hepburn'),
	(31, 'Ava', 'Gardner'),
	(32, 'Johnny', 'Meyer'),
	(33, 'Jordan', 'Belfort'),
	(34, 'Donnie', 'Azoff'),
	(35, 'Naomi', 'Lapaglia'),
	(36, 'Patrick', 'Denham'),
	(37, 'Bruce', 'Wayn'),
	(38, 'Alfred', 'Pennyworth'),
	(39, 'Ra\'s al Ghul', '(Henry Ducard)'),
	(40, 'James « Jim » ', 'Gordon'),
	(41, 'Guy', ''),
	(42, 'Millie Rusk', 'Alias Molotov Girl'),
	(43, 'Walter « Keys »', 'McKey'),
	(44, 'Buddy', ' '),
	(45, 'Wade Wilson', '(Deadpool)'),
	(46, 'Vanessa', 'Carlysle'),
	(47, 'Francis Freeman', '(Ajax)'),
	(48, 'La Fouine', '(Weasel)'),
	(49, 'John J. Dunbar', '(Danse avec les Loups)'),
	(50, 'Christine adulte', '(Dressée avec le Poing)'),
	(51, 'Oiseau Bondissant', '(Le Sorcier de la Tribu)'),
	(52, 'Cheveux au Vent ', ' '),
	(53, 'J.R.R', 'Tolkien'),
	(54, 'Edith', 'Bratt'),
	(55, 'Père Francis', 'Morgan'),
	(56, 'Professeur Joseph', 'Wright'),
	(57, 'Thémistocle', ' '),
	(58, ' Artémise Ire', ' '),
	(59, 'Gorgô', 'Reine '),
	(60, 'Xerxès', ' '),
	(61, 'Evelyn', 'Abott'),
	(62, 'Lee', 'Abott'),
	(63, 'Marcus', 'Abott'),
	(64, 'Regan', 'Abott'),
	(65, 'Jack', 'Dawson'),
	(66, 'Rose', 'DeWitt Bukater'),
	(67, 'Caledon \'Cal\'', 'Hockley'),
	(68, 'Ruth', 'DeWitt Bukater'),
	(69, 'Eric', 'Le Chasseur'),
	(70, 'Ravenna', 'La Méchante Reine'),
	(71, 'Freya', 'La Reine des Glace'),
	(72, 'Sara', 'La Guerrière'),
	(73, 'Jason', 'Bourne'),
	(74, 'Marie Helena', 'Kreutz'),
	(75, 'Alexander', 'Conklin'),
	(76, 'Le Professeur', ' '),
	(77, 'Dominic « Dom »', 'Cobb'),
	(78, 'Arthur', ''),
	(79, 'Ariane', ''),
	(80, 'Eames', ''),
	(81, 'Greville', 'Wynne'),
	(82, 'Oleg', 'Penkovsky'),
	(83, 'Emily', 'Donovan'),
	(84, 'Sheila', 'Wynne'),
	(85, 'Dr. Henry', 'Frankenstein'),
	(86, 'Elizabeth', 'Frankenstein'),
	(87, 'Victor', 'Moritz'),
	(88, 'Le monstre de Frankenstein', ' '),
	(89, 'Lt. Commandant', 'Kramer'),
	(90, 'Major Truman', 'H. Landon'),
	(91, 'Contre-Amiral Tamon', 'Yamaguchi'),
	(92, 'Commandant Minoru', 'Genda');

/*!40103 SET TIME_ZONE=IFNULL(@OLD_TIME_ZONE, 'system') */;
/*!40101 SET SQL_MODE=IFNULL(@OLD_SQL_MODE, '') */;
/*!40014 SET FOREIGN_KEY_CHECKS=IFNULL(@OLD_FOREIGN_KEY_CHECKS, 1) */;
/*!40101 SET CHARACTER_SET_CLIENT=@OLD_CHARACTER_SET_CLIENT */;
/*!40111 SET SQL_NOTES=IFNULL(@OLD_SQL_NOTES, 1) */;
